id,section,question,answer,status,attempts,latency_ms,reason
q001,,How are zeolite frameworks classified according to their pore systems?,"Zeolite frameworks are classified by their pore systems based on the dimensionality and size of their channels. They can have 1D, 2D, or 3D pore systems, depending on how the pores connect through the structure. This classification affects molecular sieving properties and selectivity, which is critical for applications like our zeolite thin film membranes in gas separation and dehydration processes.",accepted,1,4854,
q002,,Why does framework dimensionality matter when choosing a zeolite for membrane service?,"Framework dimensionality in zeolites affects pore connectivity and transport pathways, which directly influence membrane selectivity and flux. Higher dimensional frameworks typically provide more interconnected channels, enhancing molecular diffusion and separation efficiency. Choosing the right dimensionality ensures optimal performance for specific separations, such as ethanol dehydration or carbon capture, where precise pore structure is critical.",accepted,1,4570,
q003,,How do channel intersections influence molecular transport in a zeolite?,"Channel intersections in zeolites serve as critical junctions that can influence molecular transport by affecting diffusion pathways and selectivity. They often act as sites where molecules can change direction or become temporarily trapped, impacting overall permeability and separation performance. NxTBrane's expertise in precise pore structure control in zeolite thin film membranes leverages such channel architecture to optimize flux and selectivity for applications like ethanol dehydration and carbon capture.",accepted,1,3793,
q004,,What distinguishes micropores from mesopores in membrane materials?,"Micropores are pores with diameters less than 2 nanometers, while mesopores range from 2 to 50 nanometers. In membrane materials like those NxTBrane specializes in, micropores provide highly selective molecular sieving due to their precise, uniform pore sizes, essential for applications like gas separation and dehydration. Mesopores, being larger, facilitate higher flux but lower selectivity, often aiding in transport or adsorption processes.",accepted,1,3691,
q005,,How does zeolite crystal size influence membrane behavior?,"Zeolite crystal size significantly impacts membrane behavior by affecting permeability and selectivity. Smaller crystals tend to create thinner, more uniform membranes with higher flux, while larger crystals may lead to thicker films with potentially lower permeability but enhanced mechanical stability. Precise control of crystal size in our zeolite thin film membranes enables optimized pore structures for targeted separation performance.",accepted,1,4306,
q006,,Why are continuous zeolite layers difficult to fabricate on porous supports?,"Continuous zeolite layers on porous supports are challenging to fabricate because achieving uniform nucleation and growth without defects requires precise control over crystallization conditions. The porous support's surface properties and pore structure can cause uneven zeolite deposition or intergrowths, leading to cracks or non-selective pathways. NxTBrane's proprietary in-house R&D addresses these issues to deliver thin film membranes with high selectivity and flux.",accepted,1,3691,
q007,,How does framework composition influence the separation properties of a zeolite?,"The framework composition of a zeolite directly affects its pore size, shape, and surface chemistry, which are critical for separation performance. Different compositions create specific pore structures and channel dimensions, enabling selective molecular sieving based on size and polarity. At NxTBrane, our proprietary zeolite thin film membranes leverage tailored framework compositions to achieve high selectivity and flux for applications like ethanol dehydration and carbon capture.",accepted,1,3691,
q008,,How can cation exchange alter the transport behavior of an LTA membrane?,"Cation exchange in LTA (Linde Type A) zeolite membranes modifies the type and distribution of cations within the zeolite framework, which can significantly influence the membrane's pore environment and surface charge. This alteration affects the adsorption affinity and diffusion rates of specific molecules, thereby tuning the membrane's selectivity and permeability. For example, exchanging sodium ions with other cations can enhance separation performance for certain gas or liquid mixtures by adjusting molecular sieving properties and transport pathways.",accepted,1,4203,
q009,,Why might an MFI membrane be preferable for some hydrocarbon separations?,"An MFI zeolite membrane can be preferable for certain hydrocarbon separations due to its unique pore structure and molecular sieving properties, which enable high selectivity for specific hydrocarbon isomers or molecules. Its well-defined pore size allows precise separation based on molecular size and shape, enhancing flux and purity in hydrocarbon processing. NxTBrane's expertise in zeolite thin film membranes includes tailoring such membranes for optimized separation performance in petrochemical and oil & gas applications.",accepted,1,4657,
q010,,How do hydrophilic and hydrophobic zeolite surfaces differ at the molecular level?,"At the molecular level, hydrophilic zeolite surfaces have polar sites, often due to the presence of aluminum in the framework and associated cations, which attract and interact strongly with water molecules via hydrogen bonding. Hydrophobic zeolite surfaces, in contrast, have fewer or no such polar sites, often with higher silica content, resulting in weaker interactions with water and preference for non-polar molecules. This difference affects adsorption selectivity and is critical in applications like ethanol dehydration and gas separation, where NxTBrane's zeolite membranes leverage these properties for high performance.",accepted,1,3161,
q011,,How does preferential adsorption contribute to selective permeation?,"Preferential adsorption in zeolite membranes means that certain molecules are more strongly adsorbed onto the zeolite's pore surfaces due to size, shape, or polarity. This enhances selective permeation by allowing those molecules to be retained and transported through the membrane more readily, while others are excluded or pass more slowly. At NxTBrane, our zeolite thin film membranes leverage this principle to achieve high selectivity and flux in applications like ethanol dehydration and carbon capture.",accepted,1,4233,
q012,,Why does molecular kinetic diameter matter even when a molecule can enter a zeolite pore?,"Molecular kinetic diameter matters because it influences how easily a molecule diffuses through the zeolite pores. Even if a molecule can enter a pore based on size, its kinetic diameter affects transport rates and selectivity within the membrane or sieve. This is critical for NxTBrane's zeolite thin film membranes, where precise pore structures enable high selectivity and flux by controlling molecular passage at the nanoscale.",accepted,1,4728,
q013,,How does intracrystalline diffusion differ from surface diffusion?,"Intracrystalline diffusion refers to the movement of molecules within the pores or channels inside the zeolite crystal structure, governed by the zeolite's precise pore architecture. Surface diffusion, on the other hand, involves molecule movement along the external surface of the zeolite crystals. At NxTBrane, our zeolite thin film membranes leverage controlled intracrystalline diffusion for high selectivity and flux in separation processes, which is distinct from surface diffusion effects.",accepted,1,3376,
q014,,What is the role of concentration gradients in zeolite membrane transport?,"In zeolite membrane transport, concentration gradients serve as the driving force for selective permeation of molecules through the membrane's precise pore structures. Molecules move from regions of higher concentration to lower concentration, enabling separation based on size and affinity within the zeolite's pores. NxTBrane's zeolite thin film membranes leverage these gradients to achieve high selectivity and flux in applications like ethanol dehydration and carbon capture.",accepted,1,3287,
q015,,How can competitive adsorption change the ranking of permeating species?,"Competitive adsorption can alter the ranking of permeating species by changing how different molecules interact with the zeolite membrane's pore structure. When multiple species compete for adsorption sites, those with stronger affinity may preferentially occupy the pores, reducing the permeation of others despite their intrinsic size or diffusivity advantages. This effect can lead to a reversal in permeation order compared to single-component scenarios, impacting selectivity and flux in applications like gas separations or ethanol dehydration.",accepted,1,4214,
q016,,Why can membrane selectivity decrease when the feed contains several components?,"Membrane selectivity can decrease with multi-component feeds because competitive adsorption and transport occur among different molecules, which can interfere with the preferred permeation pathways. In zeolite thin film membranes like those from NxTBrane, the presence of multiple species may lead to pore blocking or altered diffusion rates, reducing the membrane's ability to discriminate effectively between target molecules. This is a common challenge in complex industrial streams such as those in oil and gas or ethanol dehydration applications.",accepted,1,3397,
q017,,How does fugacity become relevant when membrane feeds operate at elevated pressure?,"Fugacity becomes relevant at elevated pressures because it more accurately represents the effective partial pressure or chemical potential of a component in the feed gas compared to ideal pressure. In membrane separations, especially with zeolite thin film membranes, the driving force for permeation depends on the chemical potential difference across the membrane, which fugacity captures better under non-ideal, high-pressure conditions. This ensures precise modeling and optimization of selectivity and flux in applications like natural gas processing or carbon capture.",accepted,1,4375,
q018,,What effect can pressure-driven adsorption have on zeolite membrane flux?,"Pressure-driven adsorption in zeolite membranes can enhance flux by increasing the concentration of target molecules adsorbed onto the zeolite surface, facilitating their selective permeation. This effect leverages the high affinity and precise pore structure of zeolite thin film membranes, improving separation efficiency under pressure gradients. At NxTBrane, our membranes are designed to optimize such interactions, balancing high flux with selectivity for applications like ethanol dehydration and carbon capture.",accepted,1,3171,
q019,,How can temperature alter both adsorption and diffusion simultaneously?,"Temperature influences adsorption and diffusion in zeolite membranes by affecting molecular interactions and mobility. Higher temperatures typically decrease adsorption capacity because adsorbate molecules have more energy to desorb from the zeolite surface. Simultaneously, increased temperature enhances diffusion rates as molecules move faster through the pores. Thus, temperature can reduce adsorption while promoting diffusion, impacting overall separation performance in zeolite-based systems.",accepted,1,3590,
q020,,Why might increasing temperature improve flux while reducing separation?,"Increasing temperature typically enhances flux in zeolite membranes by boosting molecular diffusion rates through the pores. However, higher temperatures can reduce separation selectivity because thermal agitation may allow molecules closer in size or properties to more readily permeate, diminishing the membrane's ability to discriminate effectively. This trade-off between flux and selectivity is common in zeolite thin film membranes.",accepted,1,4200,
q021,,How does water vapor influence the transport of nonpolar gases through zeolites?,"Water vapor can significantly impact the transport of nonpolar gases through zeolites by competing for adsorption sites within the zeolite pores. Since zeolites are typically hydrophilic, water molecules tend to adsorb strongly, potentially blocking or reducing the available pathways for nonpolar gas molecules. This can decrease the permeability and selectivity of zeolite membranes for nonpolar gases. At NxTBrane, our zeolite thin film membranes are designed with precise pore structures to optimize flux and selectivity, which can help mitigate such effects depending on the application.",accepted,1,3684,
q022,,Why can framework defects create an apparent separation mechanism unrelated to molecular sieving?,"Framework defects in zeolite membranes can create non-selective pathways or pores larger than the designed molecular sieve size, allowing molecules to pass through based on mechanisms other than precise size exclusion. This can lead to apparent separation effects driven by defects rather than the intrinsic molecular sieving properties of the zeolite structure. At NxTBrane, we focus on high-quality zeolite thin film membranes with precise pore structures to ensure true molecular sieving performance without such defect-related artifacts.",accepted,1,3278,
q023,,How should permeance be normalized when comparing membranes with different active-layer thicknesses?,"Permeance should be normalized by the active-layer thickness to compare membranes with different thicknesses effectively. This means expressing permeance as permeability, which is permeance multiplied by the thickness, allowing intrinsic material transport properties to be compared independently of layer thickness. This approach is standard in evaluating zeolite thin film membranes like those NxTBrane develops.",accepted,1,3486,
q024,,What is the practical meaning of a membrane separation factor measured under mixed-feed conditions?,"The membrane separation factor measured under mixed-feed conditions represents the practical selectivity of the zeolite thin film membrane when separating components in a realistic, multicomponent mixture. It reflects how effectively the membrane discriminates between target molecules in the presence of competing species, which is crucial for applications like ethanol dehydration or carbon capture. This factor directly impacts process efficiency and product purity in industrial settings.",accepted,1,3686,
q025,,Why is ideal selectivity insufficient for predicting industrial membrane performance?,"Ideal selectivity, often measured under idealized lab conditions, doesn't fully capture the complexities of real industrial environments where membranes face mixed feeds, fouling, temperature fluctuations, and pressure variations. NxTBrane's zeolite thin film membranes are designed with precise pore structures and high flux to perform reliably under such practical conditions, offering better predictive performance than ideal selectivity alone.",accepted,1,4001,
q026,,How can partial pressure differences be incorporated into a permeation analysis?,"In permeation analysis with zeolite membranes like those NxTBrane offers, partial pressure differences across the membrane serve as the driving force for selective permeation. The permeation flux is often modeled proportional to the difference in partial pressures of the permeating species on the feed and permeate sides, reflecting the chemical potential gradient. Incorporating these differences allows accurate prediction of flux and selectivity, crucial for applications like ethanol dehydration or gas separations.",accepted,1,3900,
q027,,What measurements are required to calculate component flux reliably?,"To calculate component flux reliably in zeolite membranes, you need precise measurements of the permeate flow rate, membrane surface area, and the concentration or partial pressure difference of the component across the membrane. Accurate temperature and pressure conditions on both feed and permeate sides are also essential to characterize flux under operating conditions. These parameters allow determination of flux as the amount of component passing per unit membrane area per unit time.",accepted,1,2774,
q028,,Why should feed-side and permeate-side compositions both be reported in membrane studies?,"Reporting both feed-side and permeate-side compositions in membrane studies is essential because it provides a complete picture of membrane performance, including selectivity and separation efficiency. The feed-side composition shows the initial mixture, while the permeate-side reveals what passes through the membrane, allowing calculation of flux, rejection rates, and membrane selectivity. This dual reporting is crucial for evaluating and optimizing zeolite thin film membranes like those NxTBrane specializes in.",accepted,1,3900,
q029,,How can uncertainty in permeance and selectivity be quantified experimentally?,"At NxTBrane, while we focus on delivering zeolite thin film membranes with high selectivity and flux, quantifying uncertainty in permeance and selectivity experimentally typically involves repeated measurements under controlled conditions to assess variability. Statistical analysis, such as calculating standard deviations or confidence intervals from multiple permeance and selectivity tests, helps quantify uncertainty. Precise control of experimental parameters like temperature, pressure, and feed composition is essential to reduce measurement noise and improve reliability.",accepted,1,4198,
q030,,What controls are needed to rule out leaks in a zeolite membrane test cell?,"To rule out leaks in a zeolite membrane test cell, controls typically include blank tests without the membrane, pressure decay tests, and use of inert tracer gases to detect unintended permeation paths. Ensuring proper sealing and verifying the integrity of cell components before testing are also critical. These steps confirm that observed permeation is due to membrane selectivity, not leaks.",accepted,1,3276,
q031,,How can membrane area be determined accurately for permeation calculations?,"Accurate membrane area determination for permeation calculations typically involves measuring the effective surface area of the zeolite thin film membrane exposed to the feed stream. This can be done by precise geometric measurement of the membrane dimensions or by using characterization techniques such as microscopy to assess the active membrane area. Since NxTBrane's membranes have well-defined pore structures and thin film formats, ensuring the measurement corresponds to the selective layer area is critical for reliable permeation data.",accepted,1,4610,
q032,,What role does support resistance play in the measured performance of a composite membrane?,"While NxTBrane focuses on zeolite thin film membranes and molecular sieves, generally in composite membranes, the support resistance affects overall performance by contributing to the total mass transfer resistance. A high support resistance can limit permeate flux despite the selective layer's properties, as it impedes flow through the membrane structure. Optimizing support resistance is crucial to fully realize the selectivity and flux advantages of the zeolite thin film membranes we develop.",accepted,1,3996,
q033,,How can researchers distinguish membrane resistance from support resistance?,"Researchers typically distinguish membrane resistance from support resistance by measuring the overall resistance of the composite membrane system and then isolating the support's contribution. This can be done by testing the support material alone under the same conditions to quantify its resistance, then subtracting this from the total resistance measured with the membrane layer. Techniques like impedance spectroscopy or permeation experiments with and without the active membrane layer help in accurately separating these resistances. At NxTBrane, our expertise in zeolite thin film membranes includes characterizing such parameters to optimize membrane performance.",accepted,1,3177,
q034,,What synthesis variables most strongly influence zeolite nucleation on a support?,"Key synthesis variables influencing zeolite nucleation on a support include the composition and concentration of the precursor solution, temperature, pH, and time of crystallization. Additionally, the nature and surface properties of the support material, such as surface charge and roughness, play a critical role. At NxTBrane, our proprietary R&D optimizes these parameters to achieve high-quality zeolite thin film membranes with precise pore structures and selectivity.",accepted,1,3690,
q035,,How does seed-crystal loading affect the continuity of a secondary-growth layer?,"In zeolite membrane fabrication, seed-crystal loading is critical for forming a continuous secondary-growth layer. Higher seed-crystal loading typically promotes better nucleation sites, leading to more uniform and continuous secondary layers. Insufficient seed loading can result in incomplete coverage and discontinuities, while excessive loading might cause defects or uneven growth. Thus, optimizing seed-crystal loading is essential to achieve a defect-free, continuous zeolite thin film membrane.",accepted,1,3537,
q036,,What properties should a good zeolite seed layer possess?,"A good zeolite seed layer should have uniform particle size and high purity to ensure consistent nucleation sites. It must exhibit strong adhesion to the substrate to promote robust membrane growth and possess the correct crystal orientation to favor selective permeation. Additionally, the seed layer should be defect-free and well-dispersed to enable formation of a thin, continuous zeolite membrane with high selectivity and flux.",accepted,1,3334,
q037,,How can synthesis time change crystal intergrowth and membrane thickness?,"At NxTBrane, we understand that synthesis time directly influences crystal intergrowth and membrane thickness in zeolite thin film membranes. Longer synthesis times generally promote more extensive crystal growth and intergrowth, leading to thicker membranes with potentially improved selectivity but possibly reduced flux. Conversely, shorter synthesis times can yield thinner membranes with less intergrowth, which might enhance flux but could compromise selectivity and mechanical integrity. Our proprietary R&D optimizes these parameters to balance performance for specific industrial applications.",accepted,1,3078,
q038,,How does alkalinity influence zeolite crystallization during membrane preparation?,"Alkalinity plays a critical role in zeolite crystallization by affecting the nucleation and growth rates of zeolite crystals during membrane synthesis. Higher alkalinity typically promotes faster nucleation and growth, leading to more crystalline and well-defined zeolite structures, which are essential for achieving high selectivity and flux in zeolite thin film membranes. However, excessive alkalinity can cause defects or non-uniform crystal formation, impacting membrane performance. At NxTBrane, our in-house R&D optimizes alkalinity conditions to balance crystal quality and membrane integrity for superior separation properties.",accepted,1,3693,
q039,,Why can synthesis temperature alter both phase purity and defect formation?,"Synthesis temperature critically affects zeolite thin film membranes because it influences the crystallization kinetics and framework formation. Higher or lower temperatures can change nucleation and growth rates, impacting phase purity by favoring or suppressing certain zeolite structures. Additionally, temperature affects defect formation by altering crystal quality and pore uniformity, which directly impacts membrane selectivity and flux—key parameters in our zeolite membrane technology.",accepted,1,3490,
q040,,How does support surface chemistry influence adhesion of zeolite crystals?,"Support surface chemistry critically affects zeolite crystal adhesion by influencing nucleation and growth on the substrate. A compatible surface chemistry can promote strong interactions, enhancing crystal anchoring and uniform membrane formation. At NxTBrane, our proprietary R&D optimizes these surface properties to achieve high selectivity and flux in our zeolite thin film membranes.",accepted,1,4616,
q041,,Why can asymmetric supports be useful for high-permeance zeolite membranes?,"Asymmetric supports are useful for high-permeance zeolite membranes because they provide a mechanically robust yet porous foundation that minimizes resistance to flow. This structure allows the zeolite thin film to be very thin, enhancing permeance while maintaining structural integrity. At NxTBrane, our proprietary zeolite membranes leverage such design principles to achieve high flux and selectivity in applications like ethanol dehydration and carbon capture.",accepted,1,2976,
q042,,What problems arise when the zeolite layer grows too thick?,"When the zeolite layer grows too thick, it can lead to reduced flux due to increased mass transfer resistance, negatively impacting permeation rates. Additionally, thicker layers may develop structural defects or stress, compromising membrane selectivity and mechanical stability. NxTBrane's proprietary thin film membranes are designed to optimize thickness for high selectivity and flux.",accepted,1,3284,
q043,,How can membrane synthesis be designed to minimize batch-to-batch variability?,"To minimize batch-to-batch variability in membrane synthesis, it is crucial to maintain strict control over synthesis parameters such as precursor concentration, temperature, pH, and reaction time. NxTBrane’s proprietary R&D focuses on precise pore structure control and consistent zeolite thin film membrane fabrication, which helps ensure reproducibility. Additionally, employing automated and standardized synthesis protocols can reduce human error and variability. Our expertise in zeolite chemistries supports achieving high selectivity and flux consistently across batches.",accepted,1,4614,
q044,,What causes cracks to form during drying or calcination of zeolite membranes?,"Cracks during drying or calcination of zeolite membranes typically arise from stresses induced by uneven shrinkage or thermal expansion mismatch between the zeolite layer and its support. Rapid solvent evaporation or temperature changes can cause mechanical stress, leading to crack formation. Controlling drying rates and calcination protocols is crucial to maintaining membrane integrity.",accepted,1,4205,
q045,,How can thermal expansion mismatch damage a zeolite-support composite?,"Thermal expansion mismatch between the zeolite thin film and its support can induce mechanical stresses during temperature changes. These stresses may cause cracking, delamination, or structural damage in the zeolite-support composite, compromising membrane integrity and performance. At NxTBrane, our proprietary zeolite membranes are developed with precise pore structures and material compatibility to minimize such issues in industrial applications.",accepted,1,3474,
q046,,What is the significance of non-zeolitic leakage in a membrane characterization experiment?,"Non-zeolitic leakage in membrane characterization refers to permeation pathways that bypass the zeolite's selective pores, such as defects or pinholes in the membrane. Its significance lies in potentially compromising membrane selectivity and performance measurements, as it allows undesired molecules to pass through non-selectively. Accurately identifying and minimizing such leakage is critical to reliably assess the true separation capabilities of zeolite thin film membranes like those NxTBrane develops.",accepted,1,2963,
q047,,How can permporometry help identify defects in a microporous membrane?,"Permporometry helps identify defects in microporous membranes by measuring the flow of a gas through the membrane under controlled partial pressures of a condensable vapor. Defects or larger pores allow easier vapor condensation, causing changes in permeability that can be detected. By analyzing these changes, permporometry reveals the size distribution and presence of defects or non-uniformities in the membrane's pore structure, which is critical for ensuring the high selectivity and precise pore characteristics NxTBrane's zeolite thin film membranes require.",accepted,1,3990,
q048,,How can gas-pair testing reveal whether transport is occurring through pinholes?,"Gas-pair testing can reveal pinhole transport by comparing permeation rates of gases with different molecular sizes or adsorption properties. If transport occurs mainly through intact zeolite pores, selectivity between gas pairs will be high, reflecting the membrane's molecular sieving. However, if pinholes exist, gases permeate non-selectively, reducing or eliminating expected selectivity differences. Thus, deviations from ideal selective permeation indicate transport through defects like pinholes.",accepted,1,3479,
q049,,Why is helium sometimes useful when diagnosing membrane defects?,"Helium is often used in diagnosing membrane defects because it is a very small, inert gas molecule that can easily penetrate tiny leaks or defects in membranes. Its small size and inert nature allow for sensitive detection of even minute membrane breaches, helping to assess membrane integrity and performance. This makes helium a valuable tracer gas in leak testing for zeolite thin film membranes and other membrane technologies.",accepted,1,3623,
q050,,How can defect sealing change the apparent permeance and selectivity?,"Defect sealing in zeolite thin film membranes improves apparent permeance by eliminating non-selective pathways, ensuring that permeation occurs primarily through the selective zeolite pores. This enhances selectivity by reducing bypass defects that would otherwise allow undesired molecules to pass through, thus sharpening molecular discrimination. At NxTBrane, our proprietary R&D focuses on such defect control to achieve high selectivity and flux in our membranes.",accepted,1,3341,
q051,,What microscopic evidence can demonstrate continuous crystal intergrowth across a membrane?,"Microscopic evidence for continuous crystal intergrowth across a zeolite membrane typically involves high-resolution imaging techniques like scanning electron microscopy (SEM) or transmission electron microscopy (TEM). These can reveal seamless crystal boundaries without visible gaps or grain boundaries, indicating an uninterrupted crystalline network. Additionally, techniques such as electron backscatter diffraction (EBSD) can map crystal orientations to confirm coherent intergrowth across the membrane surface.",accepted,1,3281,
q052,,How can grain orientation affect transport through an anisotropic zeolite layer?,"Grain orientation in an anisotropic zeolite layer significantly influences molecular transport because zeolite pores have direction-dependent structures. Proper alignment of grains can enhance selective permeability and flux by aligning pore channels with the desired transport direction, improving separation performance. Misaligned grains may cause tortuous pathways, reducing flux and selectivity. At NxTBrane, our zeolite thin film membranes leverage controlled grain orientation to optimize transport properties for applications like ethanol dehydration and carbon capture.",accepted,1,4815,
q053,,Why can grain boundaries either hinder or facilitate molecular transport?,"Grain boundaries in zeolite membranes can influence molecular transport because they represent interfaces between crystalline domains with different orientations. These boundaries may act as barriers if they disrupt the uniform pore structure, hindering selective transport. Conversely, if engineered or naturally aligned, they can create pathways that facilitate transport by providing additional channels or reducing diffusion resistance. At NxTBrane, our proprietary zeolite thin film membranes are designed to optimize such microstructural features for high selectivity and flux.",accepted,1,4331,
q054,,How can membrane morphology be correlated with permeation data?,"Membrane morphology, including pore size distribution, thickness, and surface structure, directly influences permeation performance by affecting selectivity and flux. In zeolite thin film membranes like those from NxTBrane, precise pore structures enable high selectivity, while uniform thin films enhance flux. Analyzing morphology through microscopy or spectroscopy alongside permeation data helps correlate structural features with transport properties, optimizing membrane design for target separations.",accepted,1,4893,
q055,,What does an XRD pattern reveal about phase composition in a synthesized membrane?,"An XRD (X-ray diffraction) pattern reveals the crystalline phases present in a synthesized membrane by showing characteristic diffraction peaks corresponding to specific crystal structures. For zeolite thin film membranes like those NxTBrane specializes in, XRD helps confirm the formation of desired zeolite phases (e.g., 13X, 4A) and assesses phase purity and crystallinity. This information is crucial to ensure the membrane's selective pore structure and performance.",accepted,1,4101,
q056,,How can SEM distinguish a thin continuous layer from isolated zeolite crystals?,"SEM can distinguish a thin continuous zeolite layer from isolated crystals by imaging surface morphology at high resolution. A continuous layer appears as a uniform, smooth film covering the substrate, while isolated crystals show discrete, separated particles with distinct edges. Differences in texture, coverage, and particle distribution in SEM images help identify whether the zeolite forms a thin film membrane or isolated crystals.",accepted,1,3691,
q057,,When would cross-sectional imaging be more informative than surface imaging?,"I specialize in zeolite thin film membranes and molecular sieves, so I don't have expertise in imaging techniques. However, if you have questions about zeolite membranes or their applications in industries like gas separation or water treatment, I can assist you.",accepted,1,3485,
q058,,What information can elemental mapping provide about a zeolite membrane?,"Elemental mapping of a zeolite membrane can reveal the spatial distribution of key elements within the membrane structure, confirming the uniformity and composition of the zeolite layer. This helps verify the membrane's integrity, identify any defects or impurities, and ensure the precise pore structure critical for high selectivity and flux. Such analysis supports quality control and optimization in zeolite membrane manufacturing.",accepted,1,4100,
q059,,How can thermal analysis help determine whether residual template remains in a membrane?,"Thermal analysis, such as thermogravimetric analysis (TGA), can help detect residual template in zeolite membranes by monitoring weight loss as the sample is heated. If residual organic template remains, it will decompose or burn off at characteristic temperatures, causing a measurable weight loss distinct from the zeolite framework. This allows assessment of template removal completeness in your membrane processing.",accepted,1,3863,
q060,,Why should membrane characterization combine structural and transport measurements?,"Combining structural and transport measurements in membrane characterization is essential because it links the physical properties of the zeolite thin film membranes—such as pore size, morphology, and crystallinity—with their functional performance, like selectivity and flux. This integrated approach helps optimize membrane design for specific applications, ensuring high efficiency in processes such as ethanol dehydration or carbon capture. At NxTBrane, our proprietary membranes are developed with this comprehensive understanding to deliver precise pore structures and superior transport properties.",accepted,1,4748,
q061,,How can adsorption measurements complement permeation experiments?,"Adsorption measurements provide insights into the capacity and affinity of zeolite materials for specific molecules, revealing how much and how selectively the zeolite can adsorb certain species. When combined with permeation experiments, which assess the actual transport rates and selectivity through zeolite membranes, adsorption data help interpret permeation behavior by clarifying the role of adsorption equilibria and kinetics. This complementary approach is valuable in optimizing zeolite thin film membranes for applications like ethanol dehydration or carbon capture, where both adsorption and selective permeation are critical.",accepted,1,3995,
q062,,Why are binary and multicomponent feeds more informative than pure-gas tests?,"Binary and multicomponent feeds provide more realistic and informative data than pure-gas tests because they mimic actual operating conditions where multiple gases compete for adsorption and permeation through zeolite membranes. This competition reveals selectivity, separation performance, and membrane behavior under complex mixtures, which pure-gas tests cannot capture. At NxTBrane, our zeolite thin film membranes are evaluated with such feeds to ensure high selectivity and flux in real industrial applications like carbon capture and ethanol dehydration.",accepted,1,4704,
q063,,How can humidity alter apparent gas selectivity in a zeolite membrane?,"Humidity can impact apparent gas selectivity in a zeolite membrane by interacting with the zeolite pores and adsorptive sites. Water molecules may compete with target gases for adsorption sites, potentially blocking or altering pore accessibility, which can reduce permeability for certain gases and change the separation performance. Additionally, water can cause swelling or structural changes in the membrane, further affecting selectivity. At NxTBrane, our zeolite thin film membranes are designed to maintain high selectivity and flux even under varying humidity conditions, leveraging precise pore structures and hydrophilic/hydrophobic balance.",accepted,1,3688,
q064,,What types of molecular pairs are especially challenging for zeolite molecular sieving?,"Zeolite molecular sieves, including those from NxTBrane, excel at separating molecules based on size and shape, but they can face challenges with molecular pairs that are very close in size or have similar shapes and polarities. For example, separating linear and branched isomers or molecules with minimal size difference can be difficult. Our proprietary zeolite thin film membranes are designed to enhance selectivity and flux, addressing some of these challenges in applications like ethanol dehydration and carbon capture.",accepted,1,3688,
q065,,Why can CO2 and CH4 exhibit different adsorption behavior despite both being small molecules?,"CO2 and CH4 differ in their molecular properties despite similar size; CO2 is a linear, polarizable molecule with a quadrupole moment, while CH4 is nonpolar and more symmetric. These differences affect their interaction with zeolite pore surfaces and adsorption sites, leading to distinct adsorption behaviors in zeolite membranes and sieves. NxTBrane's zeolite materials exploit such molecular characteristics to achieve selective separation in applications like carbon capture.",accepted,1,4406,
q066,,What zeolite properties are relevant to separating hydrogen from carbon dioxide?,"For separating hydrogen from carbon dioxide, relevant zeolite properties include precise pore size and molecular sieving ability to distinguish between the smaller hydrogen molecules and larger CO2 molecules. High selectivity and flux in the zeolite thin film membranes are crucial to efficiently separate these gases. NxTBrane's proprietary zeolite membranes offer such tailored pore structures and high selectivity, making them suitable for hydrogen purification and carbon capture applications.",accepted,1,4098,
q067,,How might zeolite membranes contribute to natural-gas upgrading?,"Zeolite membranes can contribute to natural gas upgrading by selectively separating components based on molecular size and polarity, enhancing the purity of methane. Their high selectivity and flux enable efficient removal of impurities like CO2, water, and heavier hydrocarbons. This improves the quality of natural gas for pipeline or liquefied natural gas (LNG) applications while reducing energy consumption compared to traditional separation methods.",accepted,1,3894,
q068,,What makes hydrocarbon isomer separation particularly demanding for membrane materials?,"Hydrocarbon isomer separation is demanding for membrane materials because isomers have very similar molecular sizes and properties, requiring membranes with extremely precise and uniform pore structures to achieve high selectivity. NxTBrane's zeolite thin film membranes offer such precise pore control and high flux, enabling effective separation of closely related hydrocarbon molecules. This precision is critical in applications like petrochemical refining where purity and efficiency are paramount.",accepted,1,4201,
q069,,How can zeolite membranes be applied to remove water from gases?,"Zeolite membranes can selectively separate water molecules from gas mixtures due to their precise pore structures and high selectivity. When applied to gas streams, such as in ethanol dehydration or biogas purification, these membranes allow water vapor to permeate through while retaining other gas components. This results in efficient water removal, improving gas quality and process performance. NxTBrane's zeolite thin film membranes are specifically designed for such selective separation tasks.",accepted,1,3792,
q070,,What characteristics make a zeolite suitable for alcohol dehydration by pervaporation?,"For alcohol dehydration by pervaporation, a zeolite suitable for the membrane should have high selectivity to water over alcohol, precise pore size to preferentially adsorb and transport water molecules, and high flux to enable efficient separation. Additionally, chemical and thermal stability in the presence of alcohol-water mixtures is crucial. NxTBrane's zeolite thin film membranes, such as those based on 3A or 4A zeolites, are designed with these characteristics in mind to optimize ethanol dehydration performance.",accepted,1,3383,
q071,,How does the permeate vapor pressure influence pervaporation driving force?,"In pervaporation using zeolite membranes like those from NxTBrane, the driving force is the difference in chemical potential across the membrane, often approximated by the vapor pressure difference. A lower permeate vapor pressure increases this gradient, enhancing the driving force and thus flux. Controlling permeate side conditions to maintain low vapor pressure is key for efficient separation.",accepted,1,3698,
q072,,How does solvent adsorption affect the flux of water through a hydrophilic zeolite?,"Solvent adsorption in a hydrophilic zeolite can influence water flux by competing for adsorption sites within the zeolite's pores. If the solvent molecules adsorb strongly, they may block or reduce available pathways, decreasing water flux. Conversely, selective adsorption properties of hydrophilic zeolite membranes can maintain high water permeability by preferentially adsorbing water over other solvents, preserving flux. This balance is critical in applications like ethanol dehydration, where NxTBrane's zeolite membranes achieve high selectivity and flux through precise pore structures.",accepted,1,3578,
q073,,What happens when strongly adsorbing organic components block hydrophilic transport pathways?,"When strongly adsorbing organic components block hydrophilic transport pathways in zeolite membranes, it typically leads to reduced permeability and selectivity. These organic molecules can occupy the hydrophilic sites, hindering water or other polar molecules from passing through efficiently, which compromises membrane performance. This effect is critical in applications like ethanol dehydration, where maintaining selective transport is essential.",accepted,1,3933,
q074,,How does membrane lifetime affect the economics of an industrial separation process?,"Membrane lifetime critically impacts the economics of industrial separation by influencing replacement frequency and operational downtime costs. Longer-lasting zeolite thin film membranes reduce maintenance and replacement expenses, improving process uptime and overall cost-efficiency. At NxTBrane, our membranes are designed for durability and high flux, helping to optimize lifecycle costs in applications like ethanol dehydration and carbon capture.",accepted,1,3207,
q075,,Why is module packing density important for the commercial viability of inorganic membranes?,"Module packing density is crucial for commercial viability because it directly impacts the membrane surface area per unit volume, influencing overall throughput and footprint of the separation system. Higher packing density allows more membrane area in a smaller module, enhancing productivity and reducing capital and operational costs. For inorganic membranes like our zeolite thin film membranes, optimizing packing density ensures efficient use of materials and integration into industrial setups, which is key for sectors like ethanol dehydration and carbon capture.",accepted,1,3307,
q076,,What engineering problems arise when many membrane elements are connected in parallel?,"When many membrane elements are connected in parallel, engineering challenges include ensuring uniform flow distribution to prevent channeling or dead zones, managing pressure drops consistently across elements, and avoiding uneven fouling or membrane degradation. These issues can reduce overall system performance and membrane lifespan. NxTBrane's expertise in precise pore structures and membrane design helps mitigate such problems by optimizing flux and selectivity at scale.",accepted,1,4315,
q077,,What strategies can be used to protect zeolite membranes from mechanical shock?,"To protect zeolite membranes from mechanical shock, strategies typically include supporting the thin film membranes on robust substrates to enhance mechanical strength, embedding them within protective layers or housings, and careful handling during installation and operation. NxTBrane's proprietary technology focuses on delivering membranes with precise pore structures and high flux while ensuring durability, which often involves optimizing membrane support and integration to withstand mechanical stresses. For specific protective solutions tailored to your application, a detailed consultation would be recommended.",accepted,1,8299,
q078,,How should a membrane cleaning protocol be designed without damaging the active layer?,"A membrane cleaning protocol should be designed considering the chemical and mechanical stability of the zeolite thin film active layer. Use mild cleaning agents compatible with the zeolite chemistry to avoid pore structure damage, and avoid harsh acids or bases unless specifically tested safe. Employ gentle flow rates and avoid high shear stresses during cleaning to preserve membrane integrity. It's best to tailor the protocol based on the specific membrane type (e.g., 4A, 5A zeolite membranes) and the nature of the fouling encountered.",accepted,1,3263,
q079,,What types of fouling can occur on zeolite membrane surfaces?,"Fouling on zeolite membrane surfaces can include particulate fouling from suspended solids, organic fouling from oils or biofilms, and inorganic scaling from mineral deposits. These fouling types can reduce membrane selectivity and flux by blocking pores or altering surface properties. NxTBrane’s zeolite membranes are designed with precise pore structures to help mitigate fouling effects in industrial applications.",accepted,1,5011,
q080,,What operating data are needed to establish reliable long-term membrane durability?,"To establish reliable long-term membrane durability, key operating data include flux stability, selectivity retention, pressure and temperature conditions, and exposure to feed impurities over extended periods. Monitoring changes in membrane performance under real-world process conditions, such as in ethanol dehydration or carbon capture applications, is essential. Regular integrity tests and fouling assessments also contribute to understanding membrane lifespan.",accepted,1,3735,
q081,,How should accelerated aging experiments be interpreted for zeolite membranes?,"Accelerated aging experiments for zeolite membranes are interpreted by analyzing changes in membrane performance metrics such as selectivity, flux, and structural integrity under intensified stress conditions. These tests simulate long-term operational environments in a shorter time to predict membrane durability and stability. Observing how zeolite thin film membranes maintain their precise pore structures and separation efficiency under accelerated conditions helps assess their lifespan and suitability for industrial applications like ethanol dehydration or carbon capture.",accepted,1,6002,
q082,,What constitutes an acceptable performance loss during extended operation?,"Acceptable performance loss during extended operation depends on the specific application and industry standards. For NxTBrane's zeolite thin film membranes and molecular sieves, maintaining high selectivity and flux over time is critical. Typically, a minimal decline in permeance or selectivity—often less than 5-10% over the operational lifespan—is considered acceptable, but precise thresholds should be defined based on your process requirements and operating conditions.",accepted,1,3041,
q083,,What are the main barriers between a successful membrane experiment and a commercial product?,"The main barriers typically include scaling up from lab to industrial scale while maintaining membrane selectivity and flux, ensuring membrane durability under real process conditions, and cost-effective manufacturing. NxTBrane's proprietary R&D focuses on precise pore structure control and robust thin film membranes to address these challenges, enabling reliable performance in applications like ethanol dehydration and carbon capture.",accepted,1,4957,
q084,,How does manufacturing yield affect the economics of zeolite membrane production?,"Manufacturing yield is critical in zeolite membrane production economics because it directly impacts material costs and throughput. Higher yield means more usable membranes per batch, reducing waste and lowering unit costs. Given NxTBrane's proprietary in-house R&D and precise pore structure control, optimizing yield helps maintain competitive pricing and scalability for applications like ethanol dehydration and carbon capture. Low yield can increase costs and limit commercial viability, especially in large-scale industrial uses.",accepted,1,3589,
q085,,Why can reproducibility be more important than record permeance during scale-up?,"Reproducibility is often more important than record permeance during scale-up because consistent membrane performance ensures reliable and predictable operation in industrial settings. While high permeance is desirable, membranes that deliver consistent flux and selectivity across batches reduce process variability, facilitate quality control, and lower operational risks. NxTBrane’s proprietary zeolite thin film membranes emphasize precise pore structures to maintain reproducibility alongside high performance, which is critical for scaling applications in industries like ethanol dehydration and carbon capture.",accepted,1,3535,
q086,,What pilot-scale evidence would strengthen a claim that a zeolite membrane is industrially viable?,"Pilot-scale evidence that would strengthen industrial viability claims for a zeolite membrane includes demonstrated high selectivity and flux under realistic process conditions, stable long-term operation without performance degradation, and effective separation performance in relevant industrial streams such as ethanol dehydration or carbon capture. Data showing consistent membrane integrity and reproducibility of results at scale, along with compatibility with existing industrial equipment, would also be critical. At NxTBrane, our membranes have been developed and tested with these parameters in mind to meet core industry needs.",accepted,1,4021,
q087,,How should lifecycle energy consumption be compared between membrane and distillation routes?,"Lifecycle energy consumption comparison between membrane and distillation routes should consider the entire process chain, including raw material extraction, manufacturing of membranes or distillation equipment, operational energy use, and end-of-life disposal or recycling. Membrane processes, such as those using NxTBrane's zeolite thin film membranes, often have lower operational energy due to selective separation at ambient conditions, compared to energy-intensive distillation. However, a full lifecycle assessment must quantify embodied energy in membrane fabrication and maintenance versus distillation infrastructure. This comprehensive approach ensures accurate evaluation of energy efficiency and environmental impact.",accepted,1,3224,
q088,,What capital-cost factors dominate an industrial zeolite membrane installation?,"The dominant capital-cost factors in an industrial zeolite membrane installation typically include the membrane modules themselves, which are specialized thin film zeolite membranes with precise pore structures. Additional significant costs arise from the supporting infrastructure such as housing, sealing, and integration with existing process equipment, as well as the engineering and installation efforts. NxTBrane's proprietary technology aims to optimize membrane performance, which can influence overall system size and cost. For a detailed cost breakdown, a project-specific assessment would be necessary.",accepted,1,3851,
q089,,What process integration opportunities could make inorganic membranes more attractive?,"Integrating inorganic zeolite membranes with processes that benefit from high selectivity and flux can enhance their attractiveness. For example, coupling zeolite membranes with ethanol dehydration units or carbon capture systems can improve separation efficiency and reduce energy consumption. Additionally, combining membranes with catalytic reactors in green ammonia production or biogas upgrading can streamline operations and lower costs. NxTBrane's expertise in precise pore structures supports such process integrations across oil & gas, water treatment, and CCUS sectors.",accepted,1,4613,
